20,dkaminski@gmail.com,929333444,Dawid,Kamiński,$2y$10$i2f6iJxJGoFu9qdI77y5DuoN5C/oP3hyCy/XP7zFbt4cDSgL1MK3.,1997-09-21,Bydgoszcz,70,178,Mężczyzna
19,jzagorny@gmail.com,202030030,Jan,Zagórny,$2y$10$yHvYzoMFq5pUsBj/UYulb./gj2YQdCja5UJBQW5Ap24zLtas7Kl86,1997-05-05,Jurata,60,160,Inny
18,kadam@int.pl,400400300,Karol,Adamski,$2y$10$T/hjm9U6nAXya5pdCj.f6uiQQ2.2qYMXzGlEmVckIWRKBXTXrbHPG,2001-02-28,Hel,89,187,Mężczyzna
17,znowak@onet.pl,700200300,Zbigniew,Nowak,$2y$10$mMVAPyppWaQyrioktNMP0uBindl2gv1FU5NPl6LNQT.gbLTaV3Cwm,1986-05-04,Poznań,80,175,Mężczyzna
16,amilik@gmail.com,900900900,Arkadiusz,Milik,$2y$10$vIuiv2xBV8b9NkZsocNhEObX7Nt64U.FIES/3XyuGfKyyFhowHBAG,1994-06-07,Grudziądz,76,179,Mężczyzna
15,aziolko@int.pl,600500400,Arkady,Ziółkowski,$2y$10$.qt3mLLeXvMC4ru1D61xtuLQKcVyMs5Jmd/qmUGcO3RViMwZDZ2ru,2004-03-02,Częstochowa,80,191,Mężczyzna
14,kbrzez@gmail.com,500600500,Kama,Brzezińska,$2y$10$jYtvj3fiwz3AeAOkxseoAe6hn9FX/C25ZkOIwLP4RugqHVPdw5fQO,1979-09-08,Poznań,70,178,Inny
13,rlewa@gmail.com,300200333,Robert,Lewandowski,$2y$10$Wv2XNfPoBqaPHVcCcG12X.Z0pBReQIo9xovwLG8DMbxxqxoy40Pcu,1976-04-25,Golub-Dobrzyń,78,176,Mężczyzna
12,pbor@onet.pl,800100200,Patrycja,Borowska,$2y$10$JZxiJEF1c8ejZDb8hJCOgecUbabfc9Ze18vBZ7e5gGUiKD9d9q0pm,1998-03-15,Toruń,60,169,Kobieta
11,tprzybyl@int.pl,200300400,Teodozja,Przybylska,$2y$10$oPV0EwOCmdbyvgUIMqht3u3yqZWisyJWGBmD7RRChbL9BKuAZl68a,1960-10-10,Kraków,70,160,Kobieta
10,fslawicki@gmail.com,766355466,Flawian,Sławicki,$2y$10$VYLE7qc7LfywrEHotQ.ykOP0dz81BuhF4kWIVGWJj561U6DIeAZI6,2001-04-05,Gdańsk,84,174,Inny
9,jszym@onet.pl,990990990,Jurand,Szymański,$2y$10$ULwqdKWI0KS5KqnCO3Fd9.maDxKoXtq282AKbSZFDuNQhD0qJEF6W,1976-08-24,Bydgoszcz,89,175,Mężczyzna
8,mdabr@int.pl,776777466,Miłosz,Dąbrowski,$2y$10$bfYSD0cgeVu1gY0ULXVHWeSLpk757Ab6SfRzM8/wqaqLBsVm24JTW,1980-07-09,Elbląg,80,180,Mężczyzna
7,twojc@gmail.com,111222111,Tamara,Wojciechowska,$2y$10$gRWFKUjk5oePjH6FKWzxqOlN3DNtH3xBG1EuKrggCu3V8E9N2gGjG,1989-03-03,Łódź,65,176,Kobieta
6,awoniak@gmail.com,999222999,Ala,Woniak,$2y$10$e3xdMfeclQKhatYazL6iw.U91a5S5uW5MbZWLobKD/Z9y4v312/Hu,2000-01-01,Szczecin,76,170,Kobieta
5,hwojcik@gmail.com,777888999,Hellwig,Wójcik,$2y$10$FyIyAvYqfaqWTqA6SQQvQekcrLG88Fu7Ep9uVMHqbA7ikA2XJYsLe,1999-06-23,Warszawa,98,167,Inny
4,glewan@gmail.com,555000999,Grzegorz,Lewandowski,$2y$10$syNsogpd3AOmj3XNIv78Y.YCQlRXCvhSXEknzFfX08qfVt.jUjhkG,1976-09-23,Gdynia,90,189,Mężczyzna
3,awisniewski@gmail.com,777999000,Anton,Wiśniewski,$2y$10$85ZhJYm8PZZdVj9Sw/8XNeS4wQrj/iGKgdlAwBthuusx5VCIFmw6W,1990-11-02,Toruń,80,176,Mężczyzna
2,anowak@gmail.com,999333111,Aniela,Nowak,$2y$10$CKdSp/FMOu/sseo4OxUpAeb4ixeNDcRReMW2VaXrpqfByZGXL5dra,1995-12-21,Wrocław,67,168,Kobieta
