85,rkorbal@mail.com,999333222,Radosław,Korbal,$2y$10$UmaQpv/hGM4poOMtXcfeiuf5ykL4mWQvEuc/QjfG/53TVJLZLFvYu,1991-03-18,Bydgoszcz,100,200,Mężczyzna
84,opadusinska@mail.com,299000333,Olga,Padusińska,$2y$10$6nNggZ8AoCHTM4j83dQ0vO2sSpUl4wz1yP3BHSKDkU5wywic3pb/K,1995-01-09,Głogowo,60,175,Kobieta
83,aszyczpkowska@mail.com,233332233,Adrianna,Szczypkowska,$2y$10$SQ6EaLZjHdNrqUXcAEdHDee.AZtnDFdVP/omxvmEKESa8k/C9V8i.,2000-02-06,"Piotrków Trybunalski",60,169,Kobieta
82,mpadusinski@mail.com,222999333,Marcin,Padusiński,$2y$10$v8s/F..Ty7yHd1h3X5g8pewfhGEyZ905IVhef4x6fX4GdpFCZW6M2,1994-11-17,Bydgoszcz,85,175,Mężczyzna
79,rlewandowski@mail.com,000999333,Robert,Lewandowski,$2y$10$E.AgjRJg67N97CT8d1D3d.hI6K4biHwAi2JAGuzfEpKdTey9m73Cm,1975-12-14,Poznań,70,175,Kobieta
78,agolota@mail.com,999222888,Andrzej,Gołota,$2y$10$2EfioZ5IynW1ThrkzS3T0OG.a/8oGazLjnvVeFglN7GxFla8tkFv2,1901-02-03,Olsztyn,110,200,Mężczyzna
77,foremniak@mail.com,123456789,Małgorzata,Foremniak,$2y$10$a6eDeosO9N76GVKivEJY8eYbOyCVAMV6EsGgoOHq.bjJdzlMK5iHm,1972-05-28,Warszawa,70,170,Kobieta
76,jbond@gmail.com,999888000,James,Bond,$2y$10$DZdbtsI105xwreNksbv/4.dPK.qRgIsnzVnbgruu27BVWxpEGF17a,2000-02-04,Wrocław,64,175,Mężczyzna
75,mcsklodowska@mail.com,123123122,Maria,Skłodowska,$2y$10$.qymBd8rGn2c/LNctBRGjOZ6xsA0fETU.AzXnzVFFv3Wo1/bK3fRO,1960-06-21,Warszawa,68,170,Kobieta
74,sking@mail.com,333222333,Stephen,King,haslo1243,1972-09-21,Toruń,80,179,Mężczyzna
73,jreacher@mail.com,111111333,Jack,Reacher,haslo123,1984-06-16,"Las Vegas",81,202,Mężczyzna
72,ncage@mail.com,999888222,Nicolas,Cage,hasl21o123,1986-09-25,Ohio,101,187,Mężczyzna
71,mkowalska@mail.com,888333111,Maria,Kowalska,haslo11123,2007-06-12,Szczecin,61,187,Kobieta
70,jgyllenhaal@mail.com,222333111,Jake,Gyllenhaal,haslo22123,1984-06-16,Washington,91,195,Mężczyzna
69,ktomaszewski@mail.com,999888777,Kamil,Tomaszewski,haslo123,2004-06-16,Katowice,81,187,Mężczyzna
68,ljames@mail.com,999111777,LeBron,James,hasl23o123,1991-06-20,"Los Angeles",81,212,Mężczyzna
67,bkoper@mail.com,999888111,Błażej,Koper,haslo122313,2000-01-16,Sopot,81,187,Inny
66,lmessi@mail.com,666222333,Lionel,Messi,haslo1423,1985-03-03,"Piotrków Trybunalski",65,183,Mężczyzna
65,iswiatek@mail.com,333222111,Iga,Świątek,haslo24123,2000-06-26,Łódź,61,169,Kobieta
64,alewandowska@mail.com,111222333,Anna,Lewandowska,lololol,1985-02-25,Poznań,59,163,Kobieta
63,wmilewska@mail.com,111888777,Weronika,Milewska,$2y$10$0Wk.kZl9PpQh7x39bX8Ro.KDB7m3qDT7Pf9Rch/x3EmwDx5Pv072K,1997-08-21,Gdynia,65,167,Kobieta
62,tkamil@mail.com,999555777,Tomasz,Kamil,$2y$10$.nbTVpzExVryHevaBBABXunJDCkAqZOHsJAVwfYkrHS3PMh4c0tyW,1998-06-16,Poznań,69,200,inny
